{
  "Dungeon Crawl Classics": "Dungeon Crawl Classics",
  "DCC.AC": "CA",
  "DCC.AbbreviationCR": "CR",
  "DCC.AbbreviationConc": "Conc.",
  "DCC.AbbreviationDC": "DD",
  "DCC.AbbreviationLR": "RL",
  "DCC.AbbreviationLbs": "kg",
  "DCC.AbbreviationLevel": "Niv.",
  "DCC.AbbreviationSR": "RC",
  "DCC.Ability": "Caractéristiques",
  "DCC.AbilityAgl": "Agilité",
  "DCC.AbilityInt": "Intelligence",
  "DCC.AbilityLck": "Chance",
  "DCC.AbilityModifier": "Mod. Agilité",
  "DCC.AbilityPer": "Présence",
  "DCC.AbilityPromptText": "Quel jet de {ability} ?",
  "DCC.AbilityPromptTitle": "{ability} Jet de caractéristique",
  "DCC.AbilitySta": "Endurance",
  "DCC.AbilityStr": "Force",
  "DCC.AbilityUseChargedHint": "{type} est chargé(e) et prêt à être utilisé(e)!",
  "DCC.AbilityUseConsumableChargeHint": "Utiliser {type} utilisera une charge sur les {value} restantes.",
  "DCC.AbilityUseConsumableDestroyHint": "Utiliser {type} utilisera la dernière charge et sera détruit(e).",
  "DCC.AbilityUseConsumableQuantityHint": "Utiliser {type} utilisera 1 unité sur les {quantity} restantes",
  "DCC.AbilityUseConsume": "Confirmer l'utilisation disponible?",
  "DCC.AbilityUseHint": "Configurer comment vous souhaitez utiliser {name} {type}.",
  "DCC.AbilityUseNormalHint": "Ce(tte) {type} a {value} sur {max} utilisations par {per} restantes.",
  "DCC.AbilityUseRechargedHint": "Ce(tte) {type} est épuisé(e) et doit être rechargé(e)!",
  "DCC.AbilityUseUnavailableHint": "Il ne reste plus d'utilisations pour cet objet!",
  "DCC.Action": "Action",
  "DCC.ActionAbil": "Test de caractéristique",
  "DCC.ActionDice": "Dé d'action",
  "DCC.ActionDiceMacroName": "Dé d'action ({die})",
  "DCC.ActionDie": "Dé d'action",
  "DCC.ActionHeal": "Soin",
  "DCC.ActionMSAK": "Test d'incantation",
  "DCC.ActionMWAK": "Attaque au corps à corps",
  "DCC.ActionOther": "Autre",
  "DCC.ActionPl": "Actions",
  "DCC.ActionRWAK": "Attaque à distance",
  "DCC.ActionSave": "Sauvegarde",
  "DCC.ActionUtil": "Utility",
  "DCC.ActorImport": "Importer Acteur(s)",
  "DCC.ActorImportStatblock": "Statblock(s) ou Statline(s)",
  "DCC.ActorType": "Type d'Acteur",
  "DCC.ActorTypeNPC": "Statline(s) de PNJ",
  "DCC.ActorTypePlayer": "Statblock(s) de PJ",
  "DCC.Add": "Ajouter",
  "DCC.AddClassLevelToInitiative": "Ajouter le niveau de classe à l'Initiative",
  "DCC.AdjacentAlignment": "Adjacent",
  "DCC.Advantage": "Avantage",
  "DCC.Alignment": "Alignement",
  "DCC.AlignmentC": "Chaotique",
  "DCC.AlignmentL": "Loyal",
  "DCC.AlignmentN": "Neutre",
  "DCC.Ammunition": "Munitions",
  "DCC.ApplyDisapprovalMacroName": "Augmenter la Défaveur",
  "DCC.Armor": "Armure",
  "DCC.ArmorClass": "Classe d'armure",
  "DCC.ArmorPropertiesACBonus": "Bonus à la CA",
  "DCC.ArmorPropertiesCheckPenalty": "Pénalité au jet",
  "DCC.ArmorPropertiesFumbleDie": "Dé de maladresse",
  "DCC.ArmorPropertiesSpeed": "Vitesse",
  "DCC.AsCoins": "En Pièce(s)",
  "DCC.Attack": "Attaque",
  "DCC.AttackBonus": "Bonus au jet d'attaque",
  "DCC.AttackPl": "Attaques",
  "DCC.AttackRoll": "Jet d'attaque avec {weapon}",
  "DCC.AttackRollEmote": "Attaque avec {weaponName} et dépasse la CA {rollHTML} pour infliger {damageRollHTML} point(s) de dommage(s)!{crit}{fumble}",
  "DCC.AttackRollInvalidFormula": "Formule Pour Toucher invalide {formula}  avec {weapon}",
  "DCC.AttackRollInvalidFormulaInline": "<b>Formule Pour Toucher invalide '{formula}'</b>",
  "DCC.Attributes": "Attributs",
  "DCC.Attuned": "À l'écoute",
  "DCC.Background": "Background",
  "DCC.Backstab": "Attaque sournoise",
  "DCC.BackstabRoll": "Jet d'Attaque sournoise avec {weapon}",
  "DCC.BackstabEmote": "Attaque sournoise avec {weaponName} et dépasse la CA {rollHTML} pour {damageRollHTML} points de dommage!{crit}{fumble}",
  "DCC.BackstabRollInvalidFormula": "Formule des dommages d'Attaque sournoise invalide {formula} avec {weapon}",
  "DCC.BadValueFormulaWarning": "Mauvaise formule de la valeur du champ de l'objet!",
  "DCC.BaseACAbilityConfig": "CA basique de caractéristique",
  "DCC.Bio": "Bio",
  "DCC.Biography": "Biographie",
  "DCC.BirthAugur": "Augure de naissance",
  "DCC.Bonus": "Bonus",
  "DCC.BonusAbilityCheck": "Bonus aux tests de Caractéristique",
  "DCC.BonusAbilitySave": "Bonus aux jets de sauvegarde",
  "DCC.BonusAbilitySkill": "Bonus aux tests de compétence",
  "DCC.BonusAction": "Action Bonus",
  "DCC.BonusMWAttack": "Bonus au jet d'attaque au corps à corps",
  "DCC.BonusMWDamage": "Bonus au jet de dommage au corps à corps",
  "DCC.BonusRWAttack": "Bonus au jet d'attaque au tir",
  "DCC.BonusRWDamage": "Bonus au jet de dommage au tir",
  "DCC.BonusTitle": "Configurer les bonuses de l'Acteur",
  "DCC.Bonuses": "Bonus généraux",
  "DCC.BonusesHint": "Définir les bonus généraux comme des formules ajoutées à certains jets. Par exemple: 1d4 + 2",
  "DCC.BonusesInstructions": "Configurer les bonus du personnage qui seront ajoutés au jet appropriés",
  "DCC.CapLevelConfig": "Cap Level",
  "DCC.CastSpellFromScroll": "Incanter avec un parchemin",
  "DCC.Character": "Personnage",
  "DCC.CharacterName": "Nom du personnage",
  "DCC.CharacterPortrait": "Portrait du personnage",
  "DCC.Charged": "Chargé",
  "DCC.Charges": "Charges",
  "DCC.ChatContextDamage": "Appliquer Dommage",
  "DCC.ChatContextHealing": "Appliquer Soin",
  "DCC.ChatFlavor": "Chat Message Flavor",
  "DCC.Check": "Jet",
  "DCC.CheckPenalty": "Pénalité au jet",
  "DCC.ClassLevels": "Niveaux de classe",
  "DCC.ClassName": "Nom de classe",
  "DCC.ClassSkillsChosen": "Compétences de classe choisies",
  "DCC.ClassSkillsNumber": "Nombre de compétences de départ",
  "DCC.Clear": "Effacer",
  "DCC.Cleric": "Clerc",
  "DCC.ClericClassLink": "@Compendium[dcc-core-book.dcc-core-journals.YWdG6wpTrICWyrc1]{Cleric}",
  "DCC.ClericSpellLevel": "Niveau du sort",
  "DCC.ClericSpellName": "Nom du sort",
  "DCC.ClericSpells": "Sorts de Clerc",
  "DCC.ClimbSheerSurfaces": "Escalader des parois abruptes",
  "DCC.ComponentMaterial": "Matérielle",
  "DCC.ComponentSomatic": "Somatique",
  "DCC.ComponentVerbal": "Verbale",
  "DCC.ComputeACConfig": "Compute AC",
  "DCC.ComputeCheckPenaltyConfig": "Compute Check Penalty",
  "DCC.ConBlinded": "Aveuglé",
  "DCC.ConCharmed": "Charmé",
  "DCC.ConDeafened": "Assourdi",
  "DCC.ConDiseased": "Malade",
  "DCC.ConExhaustion": "Fatigué",
  "DCC.ConFrightened": "Terrorisé",
  "DCC.ConGrappled": "Entravé",
  "DCC.ConImm": "Immunisé aux conditions",
  "DCC.ConIncapacitated": "Neutralisé",
  "DCC.ConInvisible": "Invisible",
  "DCC.ConParalyzed": "Paralysé",
  "DCC.ConPetrified": "Pétrifié",
  "DCC.ConPoisoned": "Empoisonné",
  "DCC.ConProne": "À terre",
  "DCC.ConRestrained": "Empoigné",
  "DCC.ConStunned": "Étourdi",
  "DCC.ConUnconscious": "Inconscient",
  "DCC.Concentration": "Concentration",
  "DCC.ConfigureItem": "Config",
  "DCC.ConfigureSheet": "Config",
  "DCC.ConsumableAmmunition": "Munitions",
  "DCC.ConsumableFood": "Nourriture",
  "DCC.ConsumableLastChargeWarn": "Dernière charge restante pour cette unité et utiliser celle-ci réduira la quantité de l'objet de 1",
  "DCC.ConsumablePoison": "Poison",
  "DCC.ConsumablePotion": "Potion",
  "DCC.ConsumableRod": "Perche",
  "DCC.ConsumableScroll": "Parchemin",
  "DCC.ConsumableTrinket": "Babiole",
  "DCC.ConsumableUnitWarn": "unités restantes",
  "DCC.ConsumableUseWarnEnd": "de l'unité actuelle",
  "DCC.ConsumableUseWarnStart": "Ce consommable a",
  "DCC.ConsumableWand": "Baguette",
  "DCC.ConsumableWithoutCharges": "unités disponible à l'utilisation",
  "DCC.ConsumeAmmunition": "Munitions",
  "DCC.ConsumeAttribute": "Attribut",
  "DCC.ConsumeCharges": "Utilisations de l'objet",
  "DCC.ConsumeMaterial": "Matériel",
  "DCC.ConsumeWarningNoQuantity": "{name} est à court de {type} qui y est associé!",
  "DCC.ConsumeWarningNoResource": "{name} est associé pour l'utilisation de {type} mais aucune ressource n'est spécifiée!",
  "DCC.ConsumeWarningNoSource": "La source {type} associée à l'utilisation de {name} n'existes plus!",
  "DCC.ConsumeWarningZeroAttribute": "La réserve de l'attribut associée à {name} est à court!",
  "DCC.Consumed": "Utilisé",
  "DCC.Corruptions": "Corruptions",
  "DCC.CostGP": "Prix (PO)",
  "DCC.CreateMacroNoHandlerWarning": "Impossible de créer une macro depuis l'objet déposé",
  "DCC.CreateMacroNotOwnedWarning": "Vous ne pouvez créer une macro que pour les objets possédés",
  "DCC.CreditsButton" : "Crédits",
  "DCC.CritDie": "Dé critique",
  "DCC.CritRange": "Plage de critique",
  "DCC.CritTable": "Table critique",
  "DCC.Critical": "Critique",
  "DCC.CriticalHit": "Réussite critique",
  "DCC.Currency": "Devise",
  "DCC.CurrencyCP": "Cuivre",
  "DCC.CurrencyConvert": "Convertir toutes les devises",
  "DCC.CurrencyConvertHint": "Convertir toutes les devises vers la devise la plus élevée pour réduire la quantité de pièces transportées par le personnage. Attention, cette action n'est pas réversible.",
  "DCC.CurrencyEP": "Électrum",
  "DCC.CurrencyGP": "Or",
  "DCC.CurrencyPP": "Platine",
  "DCC.CurrencySP": "Argent",
  "DCC.CurrencyShortCP": "Pc.",
  "DCC.CurrencyShortEP": "Pé.",
  "DCC.CurrencyShortGP": "Po.",
  "DCC.CurrencyShortPP": "Pp.",
  "DCC.CurrencyShortSP": "Pa.",
  "DCC.DamImm": "Immunités aux dommages",
  "DCC.DamRes": "Résistances aux dommages",
  "DCC.DamVuln": "Vulnérabilités aux dommages",
  "DCC.Damage": "Dommage",
  "DCC.DamageAcid": "Acide",
  "DCC.DamageBludgeoning": "Contendant",
  "DCC.DamageCold": "Froid",
  "DCC.DamageFire": "Feu",
  "DCC.DamageLightning": "Éclair",
  "DCC.DamagePiercing": "Perforant",
  "DCC.DamagePoison": "Poison",
  "DCC.DamageRoll": "Jet de dommage pour {weapon}",
  "DCC.DamageRollInvalidFormula": "Formule de dommage invalide {formula} pour {weapon}",
  "DCC.DamageRollInvalidFormulaInline": "<b>Formule de dommage invalide '{formula}'</b>",
  "DCC.DamageSlashing": "Tranchant",
  "DCC.DamageSpecial": "Dommage spécial",
  "DCC.Day": "Jour",
  "DCC.DeedRoll": "Jet Haut Fait",
  "DCC.Default": "Défaut",
  "DCC.DefaultAbilityCheck": "Jet de caractéristiques par défaut",
  "DCC.Deity": "Divinité",
  "DCC.DeleteItem": "Supprimer l'objet de la fiche?",
  "DCC.DeleteItemExplain": "Cette action qui supprimera l'objet est irréversible.",
  "DCC.Description": "Description",
  "DCC.Details": "Détails",
  "DCC.DisableTrap": "Désamorcer les pièges",
  "DCC.Disadvantage": "Désavantage",
  "DCC.DisapprovalFormulaWarning": "Formule invalide pour le jet de Défaveur '{formula}'.",
  "DCC.DisapprovalGained": "Plage de Défaveur augmentée à {range}",
  "DCC.DisapprovalRange": "Plage de Défaveur",
  "DCC.DisapprovalRoll": "Jet de Défaveur",
  "DCC.DisapprovalRollFormula": "Jet de Défaveur",
  "DCC.DisapprovalTable": "Table de Défaveur",
  "DCC.DisguiseSelf": "Se déguiser",
  "DCC.DistAny": "Quelconque",
  "DCC.DistFt": "Mètres",
  "DCC.DistMi": "Kilomètres",
  "DCC.DistSelf": "Personnelle",
  "DCC.DistTouch": "Contact",
  "DCC.DivineAid": "Aide divine",
  "DCC.Duration": "Durée",
  "DCC.Dwarf": "Nain",
  "DCC.DwarfClassLink": "@Compendium[dcc-core-book.dcc-core-journals.HI3c5IBGeIyvvUQC]{Dwarf}",
  "DCC.Elf": "Elfe",
  "DCC.ElfClassLink": "@Compendium[dcc-core-book.dcc-core-journals.vycwtEPfYdeQARUR]{Elf}",
  "DCC.ElfLuckMod": "Modificateur de Chance appliqué à un sort de niveau 1",
  "DCC.ElfSpells": "Sorts Elfe",
  "DCC.Equipment": "Équipement",
  "DCC.EquipmentBonus": "Bonus magique",
  "DCC.EquipmentClothing": "Vêtements",
  "DCC.EquipmentHeavy": "Armure lourde",
  "DCC.EquipmentLight": "Armure légère",
  "DCC.EquipmentMedium": "Armure moyenne",
  "DCC.EquipmentNatural": "Armure naturelle",
  "DCC.EquipmentShield": "Bouclier",
  "DCC.EquipmentShieldProficiency": "Maîtrises des Boucliers",
  "DCC.Equipped": "Équipé",
  "DCC.Exhaustion": "Épuisé",
  "DCC.Experience": "Expérience",
  "DCC.Expertise": "Expert",
  "DCC.Familiar": "Familié",
  "DCC.FeatureActionRecharge": "Action de Recharge",
  "DCC.FeatureActive": "Caractéristiques actives",
  "DCC.FeatureAdd": "Créer élément personnalisé",
  "DCC.FeatureAttack": "Attaque personnalisée",
  "DCC.FeaturePassive": "Capacités passives",
  "DCC.FeatureRechargeOn": "Recharge activée",
  "DCC.FeatureRechargeResult": "Résultat 1d6",
  "DCC.FeatureUsage": "Utilisation personnalisée",
  "DCC.Features": "Personnalisation",
  "DCC.Filter": "Filtre",
  "DCC.FindTrap": "Détecter les pièges",
  "DCC.FlagsSave": "Mettre à jour Traits spéciaux",
  "DCC.FlagsTitle": "Configurer Traits spéciaux",
  "DCC.Folder": "Dossier",
  "DCC.ForgeDocument": "Falsifier un document",
  "DCC.Formula": "Formule",
  "DCC.Fumble": "Échec critique",
  "DCC.FumbleDie": "Dé de maladresse",
  "DCC.Generic": "Générique",
  "DCC.GrantedAbilities": "Augmentation des droits",
  "DCC.HD": "DV",
  "DCC.HP": "PV",
  "DCC.Halfling": "Halfling",
  "DCC.HalflingClassLink": "@Compendium[dcc-core-book.dcc-core-journals.ncyQ7HTHggukmeBJ]{Halfling}",
  "DCC.HalflingTwoWeaponActionDie": "Dés d'action d16+d16",
  "DCC.HalflingTwoWeaponCrit": "Coup critique sur résultat naturel de 16",
  "DCC.HalflingTwoWeaponFumble": "Maladresse uniquement sur un 1 avec les deux dés",
  "DCC.HalflingTwoWeaponHighAg": "Si l'Agilité est supérieure à 16, utiliser les règles normales de combat à deux armes",
  "DCC.HandlePoison": "Utiliser des poisons",
  "DCC.HealDamage": "Soigné de {damage} PV.",
  "DCC.Healing": "Soigner",
  "DCC.Health": "Santé",
  "DCC.HealthFormula": "Formule de Santé",
  "DCC.HeightenedSenses": "Détecter les passages secrets",
  "DCC.HeightenedSensesDescription": "+4 pour détecter les passages secrets (Int)",
  "DCC.HideInShadows": "Se cacher dans les ombres",
  "DCC.HitBonus": "Bonus à l'attaque",
  "DCC.HitDice": "Dés de Vie",
  "DCC.HitDiceRoll": "Lancer Dés de Vie",
  "DCC.HitDiceUsed": "Dés de Vie utilisés",
  "DCC.HitDiceWarn": "{name} ne possède pas de {formula} Dés de Vie restants!",
  "DCC.HitPoints": "PointsdeVie",
  "DCC.Identified": "Identifié",
  "DCC.Infravision": "Infravision 30m",
  "DCC.InfravisionHalfling": "Infravision 9m",
  "DCC.InfravisionLink": "@Compendium[dcc.dcc-userguide.lhFBkCykBEH5BKUH]{Infravision & Torches}",
  "DCC.InheritActionDie": "Hérité du Dé d'action",
  "DCC.InheritCheckPenalty": "Hérité de la pénalité",
  "DCC.InheritCritRange": "Hérité de la plage de critique",
  "DCC.InheritSpellCheck": "Hérité du jet d'incantation",
  "DCC.Init": "Init",
  "DCC.Initiative": "Initiative",
  "DCC.InitiativeNoTokenWarning": "Aucun token sélectionné pour l'initiative!",
  "DCC.InitiativeNoCombatantWarning": "{name} n'est pas dans le combat tracker!",
  "DCC.InitiativeNoCombatWarning": "Aucun combat n'est actif!",
  "DCC.Inspiration": "Inspiration",
  "DCC.Inventory": "Inventaire",
  "DCC.IronVulnerability": "Vulnérabilité au fer",
  "DCC.ItemActionType": "Type d'action",
  "DCC.ItemActivationCondition": "Condition d'activation",
  "DCC.ItemActivationCost": "Coût  d'activation",
  "DCC.ItemAttackBonus": "Bonus au jet d'attaque",
  "DCC.ItemConfig": "Configuratin de l'objet",
  "DCC.ItemConsumableActivation": "Activation du consommable",
  "DCC.ItemConsumableDetails": "Détails du consommable",
  "DCC.ItemConsumableStatus": "Statuts du consommable",
  "DCC.ItemConsumableType": "Type de consommable",
  "DCC.ItemConsumableUsage": "Utilisation du consommable",
  "DCC.ItemContainerCapacity": "Capacité",
  "DCC.ItemContainerCapacityItems": "Objets",
  "DCC.ItemContainerCapacityType": "Type de capacité",
  "DCC.ItemContainerCapacityWeight": "Poids",
  "DCC.ItemContainerDetails": "Détails du container",
  "DCC.ItemContainerProperties": "Propriétés du container",
  "DCC.ItemContainerWeightless": "Contenu au poids négligeable",
  "DCC.ItemCreate": "Créer Objet",
  "DCC.ItemDelete": "Supprimer Objet",
  "DCC.ItemDestroyEmpty": "Détruire si vide",
  "DCC.ItemEdit": "Éditer Objet",
  "DCC.ItemEquipmentAction": "Action de l'Équipement",
  "DCC.ItemEquipmentDetails": "Détails de l'Équipement",
  "DCC.ItemEquipmentDexMod": "Max. Modificateur de Dextérité",
  "DCC.ItemEquipmentStatus": "Statuts de l'Équipement",
  "DCC.ItemEquipmentStealthDisav": "Inflige un Désavantage aux Déplacements silencieux",
  "DCC.ItemEquipmentType": "Type d'Équipement",
  "DCC.ItemEquipmentUsage": "Utilisation de l'équipement",
  "DCC.ItemName": "Nom de l'Objet",
  "DCC.ItemNew": "Nouveau {type}",
  "DCC.ItemNoUses": "{name} n'a plus d'utilisations disponibles.",
  "DCC.ItemPropertiesEquipped": "Équipé",
  "DCC.ItemRequiredStr": "Requiert Force",
  "DCC.ItemSummary": "Sommaire",
  "DCC.ItemToolProficiency": "Maîtrise de l'Outil",
  "DCC.ItemTypeClass": "Classe",
  "DCC.ItemTypeClassPl": "Niveau de Classe",
  "DCC.ItemTypeConsumable": "Consommable",
  "DCC.ItemTypeConsumablePl": "Consommables",
  "DCC.ItemTypeContainer": "Container",
  "DCC.ItemTypeContainerPl": "Containers",
  "DCC.ItemTypeEquipment": "Équipement",
  "DCC.ItemTypeEquipmentPl": "Équipement",
  "DCC.ItemTypeLoot": "Trésor",
  "DCC.ItemTypeLootPl": "Trésor",
  "DCC.ItemTypeSpell": "Sort",
  "DCC.ItemTypeSpellPl": "Sorts",
  "DCC.ItemTypeTool": "Outil",
  "DCC.ItemTypeToolPl": "Outils",
  "DCC.ItemTypeWeapon": "Arme",
  "DCC.ItemTypeWeaponPl": "Armes",
  "DCC.ItemWeaponAttack": "Attaque de l'arme",
  "DCC.ItemWeaponDetails": "Détails de l'arme",
  "DCC.ItemWeaponProperties": "Propriétés de l'arme",
  "DCC.ItemWeaponStatus": "Statuts de l'arme",
  "DCC.ItemWeaponType": "Type d'arme",
  "DCC.ItemWeaponUsage": "Utilisation de l'arme",
  "DCC.Languages": "Langues",
  "DCC.LanguagesCommon": "Commun",
  "DCC.LanguagesDraconic": "Draconique",
  "DCC.LanguagesDruidic": "Druidique",
  "DCC.LanguagesDwarvish": "Nain",
  "DCC.LanguagesElvish": "Elfe",
  "DCC.LanguagesGiant": "Géant",
  "DCC.LanguagesGnoll": "Gnoll",
  "DCC.LanguagesGnomish": "Gnome",
  "DCC.LanguagesGoblin": "Gobelin",
  "DCC.LanguagesHalfling": "Halfling",
  "DCC.LanguagesOrc": "Orc",
  "DCC.LanguagesThievesCant": "Argot des voleurs",
  "DCC.LayOnHands": "Imposition des mains",
  "DCC.Level": "Niveau",
  "DCC.LimitedUses": "Utilisation limitées",
  "DCC.LuckDie": "Jet Chanceux",
  "DCC.Lucky": "Chanceux",
  "DCC.LuckyWeapon": "Arme Chanceuse",
  "DCC.Max": "Max",
  "DCC.MaxLevelConfig": "Niveau maximum",
  "DCC.MeleeWeapons": "Armes de Corps à Corps",
  "DCC.MercurialEffect": "Effet mercuriel",
  "DCC.MercurialEffectSummary": "Description",
  "DCC.MercurialEffectValue": "Jet",
  "DCC.MercurialMagicButtonCancel": "Annuler",
  "DCC.MercurialMagicButtonLookup": "Rechercher",
  "DCC.MercurialMagicButtonReroll": "Relancer",
  "DCC.MercurialMagicRoll": "Jet de magie mercurielle",
  "DCC.MercurialMagicRerollPrompt": "Relancer ou rechercher le jet d'effet mercuriel?",
  "DCC.MercurialMagicRerollExplain": "Remplacer le précédent effet mercuriel et relancer ou rechercher en fonction du numéro entré?",
  "DCC.MightyDeedsOfArms": "Haut Fait",
  "DCC.MightyDeedsHowtoLink": "@Compendium[dcc.dcc-userguide.205jRIebYbxECP6q]{Mighty Deeds How-to}",
  "DCC.MightyDeedsLink": "@Compendium[dcc-core-book.dcc-core-journals.1gcH2FKbeGbxWtIQ]{Mighty Deeds of Arms}",
  "DCC.MigrationComplete": "Migration terminée vers le Système DCC version {systemVersion}!",
  "DCC.MigrationInfo": "Début de la migration du Système DCC vers la {systemVersion}. Merci de patienter et de ne pas quitter la partie ou éteindre le serveur.",
  "DCC.MigrationMessage": "Migration {type} entité {name}",
  "DCC.Modifier": "Modificateur",
  "DCC.Mount": "Monture",
  "DCC.Mounts": "Montures",
  "DCC.Name": "Nom",
  "DCC.NewActorName": "Nouveau {type}",
  "DCC.NoCharges": "Aucune Charges",
  "DCC.No": "Non",
  "DCC.None": "Aucun(e)",
  "DCC.Normal": "Normal",
  "DCC.Notes": "Notes",
  "DCC.NoFolder": "-",
  "DCC.Occupation": "Métier",
  "DCC.OpposedAlignment": "Opposé",
  "DCC.OtherFormula": "Autre Formule",
  "DCC.OtherSpeeds": "Autre Vitesses",
  "DCC.ParseNPCWarning" : "Échec à la lecture des PNJ/monstres (pour un ou plusieurs statblocks DCC)",
  "DCC.ParseSingleNPCWarning" : "Échec à la lecture d'un ou plusieurs NPC/monstre (pour un ou plusieurs statblocks DCC)",
  "DCC.ParsePlayerWarning" : "Échec à la lecture du personnage joueur (nécessite le texte brut ou fichier JSON issu de Purple Sorcerer)",
  "DCC.ParseSinglePlayerWarning" : "Échec à la lecture d'un ou plusieurs PJ depuis le texte brut issu de Purple Sorcerer",
  "DCC.PasteBlock": "Coller dans un Stat Block pour l'import",
  "DCC.Patron": "Patron",
  "DCC.Penalty": "Pénalité",
  "DCC.PickLock": "Crocheter les serrures",
  "DCC.PickPockets": "Vol à la tire",
  "DCC.PlaceTemplate": "Placer le Template sur-mesure",
  "DCC.Prepared": "Préparé",
  "DCC.Price": "Prix",
  "DCC.Proficiency": "Maîtrise",
  "DCC.Proficient": "Maîtrisé",
  "DCC.PurpleSorcererPCLink": "Niveaux Zéros depuis Purple Sorcerer",
  "DCC.PurpleSorcererUpperLevelLink": "Niveaux supérieurs depuis Purple Sorcerer",
  "DCC.Quantity": "Quantité",
  "DCC.Race": "Race",
  "DCC.Range": "Portée",
  "DCC.RangedWeapons": "Armes à distance",
  "DCC.Rarity": "Rareté",
  "DCC.Reaction": "Réaction",
  "DCC.ReadLanguages": "Lire des langues inconnues",
  "DCC.ReleaseNotesButton": "Partager Notes",
  "DCC.ReleaseNotesHeader": "<p>Bienvenue à Dungeon Crawl Classics pour Foundry VTT version {version}.</p>",
  "DCC.RemoveEmptyItems": "Supprimer les objets vides",
  "DCC.RemoveEmptyItemsInfo": "Supprimer les objets avec une quanité nulle",
  "DCC.RequiredMaterials": "Matériels requis",
  "DCC.ResolveValueEmote": "Jet d'une valeur de {itemName}:<br/>{pp} Pp. {ep} Pé. {gp} Po. {sp} Ps. {cp} Pc.",
  "DCC.Roll": "Jet",
  "DCC.RollAttackBonusConfig": "Jet bonus d'attaque",
  "DCC.RollAttackBonusInfo": "Utiliser @ab dans Pour Toucher ou les Dommages du dernier jet",
  "DCC.RollDisapprovalMacroName": "Jet de Défaveur",
  "DCC.RollExample": "ex: +1d4",
  "DCC.RollMode": "Mode de jet",
  "DCC.RollSituationalBonus": "Bonus situationnel?",
  "DCC.RollTreasureValue": "Jet valeur du trésor",
  "DCC.RollUnder": "{name} (Jet Inférieur)",
  "DCC.SameAlignment": "Identique",
  "DCC.Save": "Sauvegarder",
  "DCC.SaveItemConfig": "Sauvegarder configuration",
  "DCC.SaveSheetConfig": "Sauvegarder configuration",
  "DCC.SavesFortitude": "Vigueur",
  "DCC.SavesReflex": "Réflexe",
  "DCC.SavesWill": "Volonté",
  "DCC.SenseIV": "Infravision",
  "DCC.SenseUS": "Talents souterrains",
  "DCC.Senses": "Sens",
  "DCC.SettingAutomateClericDisapproval": "Automatiser la Défaveur du Clerc",
  "DCC.SettingAutomateClericDisapprovalHint": "Appliquer automatiquement l'augmentation de la plage et le jet de Défaveur pour les Clercs. S'applique aux sorts et aux aptitudes des Clercs lorsque le mode d'Incantation réglé sur 'Clerc'.",
  "DCC.SettingAutomateWizardSpellLoss": "Automatiser la perte de sort pour les Mages/Elfes",
  "DCC.SettingAutomateWizardSpellLossHint": "Marquer automatiquement les sorts perdus lors d'une incantation ratée. S'applique aux jet d'incantation des Mages/Elfes lorsque le mode d'Incantation réglé sur 'Mage'.",
  "DCC.SettingCriticalHitsCompendium": "Compendium Coups Critiques",
  "DCC.SettingCriticalHitsCompendiumHint": "Rechercher dans le Compendium les tables de coups critiques - le nom de la table doit commencer par Crit Table XXX (où XXX est la table de critique de l'acteur)",
  "DCC.SettingDeleteItem": "Demander la suppression d'un objet",
  "DCC.SettingDeleteItemHint": "Demande la confirmation avant de supprimer un équipement, sort ou compétence depuis la feuille de personnage.",
  "DCC.SettingDivineAidTable": "Table Aide divine",
  "DCC.SettingDivineAidTableHint": "Lancer sur la table de l'Aide divine - doit être dans un pack compendium",
  "DCC.SettingDisapprovalTablesCompendium": "Table de défaveur du compendium",
  "DCC.SettingDisapprovalTablesCompendiumHint": "Rechercher dans le Compendium les tables de coups critiques. La table à utiliser spécifiquement est sélectionnable dans la feuille de Clerc.",
  "DCC.SettingFumbleTable": "Table de Maladresse",
  "DCC.SettingFumbleTableHint": "Lancer sur la table de Maladresse - doit être dans un pack compendium",
  "DCC.SettingLayOnHandsTable": "Table d'Imposition des mains",
  "DCC.SettingLayOnHandsTableHint": "Lancer sur la table d'Imposition des mains - doit être dans un pack compendium",
  "DCC.SettingMercurialMagicTable": "Table de d'Effet mercuriel",
  "DCC.SettingMercurialMagicTableHint": "Lancer sur la table d'Effet mercuriel - doit être dans un pack compendium",
  "DCC.SettingStandardDiceRoller": "Utiliser les encarts de chat standards pour les jets de dés",
  "DCC.SettingStandardDiceRollerHint": "Utiliser les encarts de standards de Foundry pour les attaques, dommages, jet de critiques au lieu des encarts personnalisés.",
  "DCC.SettingTurnUnholyTable": "Table de Repousser les impies",
  "DCC.SettingTurnUnholyTableHint": "Lancer sur la table de Repousser les impies - doit être dans un pack compendium",
  "DCC.SheetConfig": "Configuration Feuille",
  "DCC.ShieldBash": "Coup de bouclier",
  "DCC.ShowBackstabConfig": "Voir Attaque sournoise",
  "DCC.ShowMaxAbilitiesConfig": "Voir Capacités max",
  "DCC.ShowMercurialEffectConfig": "Voir Effet mercuriel",
  "DCC.ShowMercurialEffectInfo": "Voir sur la fiche l'Effet mercuriel peut importe le mode d'incantation",
  "DCC.ShowSkillsConfig": "Voir l'onglet Compétences personnalisées",
  "DCC.ShowSpellsConfig": "Voir l'onglet Sorts personnalisés",
  "DCC.Size": "Taille",
  "DCC.SizeGargantuan": "Gigantesque",
  "DCC.SizeHuge": "Très grande",
  "DCC.SizeLarge": "Grande",
  "DCC.SizeMedium": "Moyenne",
  "DCC.SizeSmall": "Petite",
  "DCC.SizeTiny": "Très petite",
  "DCC.Slots": "Emplacements",
  "DCC.SneakAndHide": "Se cacher dans l'ombre",
  "DCC.SneakSilently": "Déplacement silencieux",
  "DCC.SortInventory": "Trier inventaire",
  "DCC.Source": "Source",
  "DCC.Special": "Spécial",
  "DCC.SpecialTraits": "Traits spéciaux",
  "DCC.Speed": "Vitesse",
  "DCC.SpeedSpecial": "Mouvement spécial",
  "DCC.Spell": "Sort",
  "DCC.SpellAbility": "Incantation",
  "DCC.SpellAdd": "Ajouter Sort",
  "DCC.SpellCastUpcast": "Lancer au Niveau",
  "DCC.SpellCastingHeader": "Lancer Sort",
  "DCC.SpellCastingMode": "Mode d'incantation",
  "DCC.SpellCastingModeInfo": "Choisir les règles d'incantation entre Mage, Clerc et générales",
  "DCC.SpellCastingModeWizard": "Sort de Mage",
  "DCC.SpellCastingModeCleric": "Sort de Clerc",
  "DCC.SpellCastingModeGeneric": "Générique",
  "DCC.SpellCastingTime": "Durée d'incantation",
  "DCC.SpellCheck": "Jet d'incantation",
  "DCC.SpellCheckNonSpellWarning": "Impossible de lancer un jet d'incantation sur un objet qui n'est pas un sort.",
  "DCC.SpellCheckNoOwnedItemWarning": "Impossible de lancer un jet d'incantation d'un sort que vous ne possédez pas.",
  "DCC.SpellCheckCrit" : "Critique! Bonus de niveau x2.",
  "DCC.SpellCheckFumble" : "Maladresse! Utiliser le résultat 1.",
  "DCC.SpellCheckCardMessage" : "Lancer un jet d'incantation.",
  "DCC.SpellCreate": "Créer un sort",
  "DCC.SpellDC": "DD Sort",
  "DCC.SpellDetails": "Détails du sort",
  "DCC.SpellDuration": "Durée",
  "DCC.SpellEffects": "Effet du sort",
  "DCC.SpellLevel": "Niveau du sort",
  "DCC.SpellLevel1": "Niveau 1",
  "DCC.SpellLevel2": "Niveau 2",
  "DCC.SpellLevel3": "Niveau 3",
  "DCC.SpellLevel4": "Niveau 4",
  "DCC.SpellLevel5": "Niveau 5",
  "DCC.SpellLevel6": "Niveau 6",
  "DCC.SpellLevelPact": "Emplacement de pacte",
  "DCC.SpellLevelShort": "Niveau",
  "DCC.SpellLost": "Perdu",
  "DCC.SpellLostMessage": "Sort perdu!",
  "DCC.SpellLostMessageFormat": "{spell} Perdu!",
  "DCC.SpellMaterials": "Matériels d'incantation",
  "DCC.SpellName": "Nom du sort",
  "DCC.SpellNone": "Aucune",
  "DCC.SpellPage": "Page",
  "DCC.SpellPrepAlways": "Toujours préparé",
  "DCC.SpellPrepPrepared": "Préparé",
  "DCC.SpellPreparationMode": "Mode préparation de sort",
  "DCC.SpellPrepared": "Préparé",
  "DCC.SpellProgOverride": "Emplacements surchargés",
  "DCC.SpellProgression": "Progression du sort",
  "DCC.SpellRange": "Portée",
  "DCC.SpellResultCompendium": "Résultat du Compendium",
  "DCC.SpellResultTable": "Résultat de Table",
  "DCC.SpellSave": "Sauvegarde",
  "DCC.SpellScroll": "Parchemin",
  "DCC.SpellTarget": "Cible du sort",
  "DCC.SpellUnprepared": "Non préparé",
  "DCC.SpellUsage": "Utilisation du sort",
  "DCC.Spellbook": "Grimoire",
  "DCC.SpellcasterLevel": "Niveau d'incantateur",
  "DCC.Spellcasting": "Incantation",
  "DCC.Spells": "Sorts",
  "DCC.StartingFunds": "Fonds de départ",
  "DCC.SubclassName": "Nom de la sous-classe",
  "DCC.Supply": "Ressource",
  "DCC.Skill": "Compétence",
  "DCC.Skills": "Compétences",
  "DCC.SkillAbility": "Aptitude",
  "DCC.SkillDie": "Dé",
  "DCC.SkillFreeform": "Forme libre",
  "DCC.SkillName": "Compétence",
  "DCC.SkillResult": "Résultat",
  "DCC.SkillShowLastResult": "Montrer dernier résultat",
  "DCC.SkillSummary": "Sommaire",
  "DCC.SkillUseAbility": "Utiliser Aptitude",
  "DCC.SkillUseDie": "Utilisé Dé",
  "DCC.SkillUseValue": "Utiliser Modificateur",
  "DCC.SkillValue": "Modificateur",
  "DCC.TakeDamage": "Subit {damage} PV de dommage.",
  "DCC.Target": "Cible",
  "DCC.TargetAlly": "Allié",
  "DCC.TargetCone": "Cône",
  "DCC.TargetCreature": "Créature",
  "DCC.TargetCube": "Cube",
  "DCC.TargetCylinder": "Cylindre",
  "DCC.TargetEnemy": "Ennemi",
  "DCC.TargetLine": "Ligne",
  "DCC.TargetObject": "Objet",
  "DCC.TargetRadius": "Rayon",
  "DCC.TargetSelf": "Personnelle",
  "DCC.TargetSpace": "Zone",
  "DCC.TargetSphere": "Sphère",
  "DCC.TargetSquare": "Carré",
  "DCC.TargetWall": "Mur",
  "DCC.Temp": "Temp",
  "DCC.Thief": "Voleur",
  "DCC.ThiefClassLink": "@Compendium[dcc-core-book.dcc-core-journals.PvG0IMBvMR6fDFIZ]{Thief}",
  "DCC.TimeDay": "Jours",
  "DCC.TimeHour": "Heures",
  "DCC.TimeInst": "Instantané",
  "DCC.TimeMinute": "Minutes",
  "DCC.TimeMonth": "Mois",
  "DCC.TimePerm": "Permanent",
  "DCC.TimeRound": "Rounds",
  "DCC.TimeTurn": "Tours",
  "DCC.TimeYear": "Années",
  "DCC.ToHit": "Pour Toucher",
  "DCC.ToolThieves": "Outils de voleur",
  "DCC.ToolVehicle": "Véhicule (Terre ou Mer)",
  "DCC.TradeGoods": "Marchandises",
  "DCC.TraitArmorProf": "Maîtrises d'Armure",
  "DCC.TraitSelectorSpecial": "Spécial (Divisé avec un point-virgule)",
  "DCC.TraitToolProf": "Maîtrises d'outil",
  "DCC.TraitWeaponProf": "Maîtrises d'arme",
  "DCC.Treasure": "Trésor",
  "DCC.Title": "Titre",
  "DCC.TurnUnholy": "Repousser les impies",
  "DCC.TwoWeaponFighting": "Combat à deux armes",
  "DCC.Type": "Type",
  "DCC.UndergroundSkills": "Talents souterrains: flairer or/joyaux, smell gold/gems, détecter construction",
  "DCC.Unequipped": "Non équipé",
  "DCC.Unknown" : "Inconnu",
  "DCC.Unlimited": "Illimité",
  "DCC.Usage": "Utilisation",
  "DCC.Use": "Utilisation",
  "DCC.Uses": "Utilisations",
  "DCC.Versatile": "Polyvalente",
  "DCC.VersatileDamage": "Dommage de polyvalence",
  "DCC.VsDC": "vs DD.",
  "DCC.Warrior": "Guerrier",
  "DCC.WarriorClassLink": "@Compendium[dcc-core-book.dcc-core-journals.D58z5BuoH4g0cqPJ]{Warrior}",
  "DCC.Weapon": "Arme",
  "DCC.WeaponImprov": "Improvisé",
  "DCC.WeaponNatural": "Naturel",
  "DCC.WeaponNotFound" : "Impossible de trouver une arme avec l'id '{id}'.",
  "DCC.WeaponPropertiesBackstab": "Attaque sournoise",
  "DCC.WeaponPropertiesBackstabDamage": "Dommage d'Attaque sournoise",
  "DCC.WeaponPropertiesCritOn": "Critique sur",
  "DCC.WeaponPropertiesDamage": "Dommage",
  "DCC.WeaponPropertiesToHit": "Pour Toucher",
  "DCC.WeaponPropertiesMelee": "Mêlée",
  "DCC.WeaponPropertiesRange": "Portée",
  "DCC.WeaponPropertiesTwoHanded": "Deux mains",
  "DCC.Weight": "Poids",
  "DCC.Wizard": "Mage",
  "DCC.WizardClassLink": "@Compendium[dcc-core-book.dcc-core-journals.nkMeeK9cZDYcvluD]{Wizard}",
  "DCC.WizardSpellLevel": "Niveau du sort",
  "DCC.WizardSpellName": "Nom du sort",
  "DCC.WizardSpells": "Sorts de Mage",
  "DCC.Yes": "Oui",
  "DCC.available": "disponible",
  "DCC.description": "Un système complet pour des parties de Dungeon Crawl Classics dans l'environnement de Foundry VTT.",
  "DCC.of": "de",
  "DCC.spell": "sort",
  "DCC.title": "Dungeon Crawl Classics",

  "dcc.DCCActorSheet": "Zéro / PNJ",
  "dcc.DCCActorSheetCleric": "Clerc",
  "dcc.DCCActorSheetDwarf": "Nain",
  "dcc.DCCActorSheetElf": "Elfe",
  "dcc.DCCActorSheetHalfling": "Halfling",
  "dcc.DCCActorSheetThief": "Voleur",
  "dcc.DCCActorSheetWarrior": "Guerrier",
  "dcc.DCCActorSheetWizard": "Mage",
  "dcc.DCCActorSheetGeneric": "Fiche générique"
}
