{
  "name": "dcc-fr",
  "title": "DCC Dungeon Crawl Classics French Translation",
  "description": "Traduction française pour le système Dungeon Crawl Classics",
  "version": "1.0.0",
  "minimumCoreVersion" : "0.8.9",
  "compatibleCoreVersion":"0.8.9",
  "author": "Neuralnoise",
  "systems": ["dcc"],   
  "languages": [{
    "lang": "fr",
    "name": "French",
    "path": "fr.json"
  }],
  "url": "https://github.com/Neural-noise/foundry-dcc-fr/",
  "manifest": "https://github.com/Neural-noise/foundry-dcc-fr/raw/main/module.json",
  "download": "https://github.com/Neural-noise/foundry-dcc-fr/archive/main.zip"
}
